configurationID,cabac,ref,deblock,analyse,me,subme,mixed_ref,me_range,trellis,8x8dct,fast_pskip,chroma_qp_offset,bframes,b_pyramid,b_adapt,direct,weightb,open_gop,weightp,scenecut,rc_lookahead,mbtree,qpmax,aq-mode,size,usertime,systemtime,elapsedtime,cpu,frames,fps,kbs
1,0,1,0:0:0,0:0,dia,0,0,16,0,0,1,0,0,None,None,None,None,None,0,0,None,0,69,0,5497340,, 0m1.990s, 500 , 1785.53 , 2198.94
2,1,1,1:0:0,0x3:0x3,dia,1,0,16,0,1,1,0,3,2,1,auto,1,0,1,40,None,0,69,1,3595262,, 0m3.556s, 500 , 966.84 , 1438.10
11,0,1,1:0:0,0:0,dia,2,0,16,0,0,1,0,0,None,None,None,None,None,0,0,None,0,69,0,4177727,, 0m3.050s, 500 , 1184.00 , 1671.09
101,1,2,1:0:0,0x3:0x113,hex,6,1,16,1,1,1,0,8,2,1,spatial,1,0,1,0,60,1,69,1,3076434,, 0m8.039s, 500 , 276.20 , 1230.57
102,1,2,1:0:0,0x3:0x113,hex,6,1,16,1,1,1,0,8,2,1,auto,1,0,1,0,10,1,69,0,3406355,, 0m7.900s, 500 , 323.33 , 1362.54
103,1,2,0:0:0,0x3:0x3,umh,6,1,16,1,1,1,0,8,2,1,spatial,1,0,1,0,10,1,69,0,3441027,, 0m8.971s, 500 , 360.79 , 1376.41
104,1,16,1:0:0,0x3:0x113,hex,6,1,24,1,1,1,-2,3,2,1,auto,1,0,1,40,30,0,69,1,3467500,, 0m14.797s, 500 , 272.12 , 1387.00
105,1,7,1:0:0,0x3:0x113,dia,6,1,24,1,1,1,-2,3,2,1,spatial,1,0,1,40,30,0,69,1,3456306,, 0m9.621s, 500 , 399.04 , 1382.52
106,0,5,1:0:0,0x3:0x113,tesa,0,1,16,1,1,1,-2,3,2,1,auto,1,0,1,40,30,1,69,1,4300325,, 0m6.681s, 500 , 565.69 , 1720.13
107,0,5,1:0:0,0x3:0x3,umh,0,1,16,1,1,0,-2,3,2,1,auto,1,0,1,40,30,1,69,1,4377545,, 0m7.096s, 500 , 519.15 , 1751.02
108,1,2,0:0:0,0x113:0x113,hex,6,1,24,0,1,1,-2,3,2,1,auto,1,0,1,40,30,1,69,1,3163776,, 0m6.339s, 500 , 366.36 , 1265.51
109,1,2,0:0:0,0x113:0x113,hex,6,1,16,1,0,0,-2,3,2,1,auto,1,0,1,40,30,1,69,1,3179618,, 0m6.989s, 500 , 364.90 , 1271.85
110,1,2,0:0:0,0x113:0x113,hex,6,1,24,1,0,1,-2,3,2,1,auto,1,0,1,40,30,1,69,0,3588996,, 0m7.267s, 500 , 380.35 , 1435.60
12,0,1,1:0:0,0:0,dia,2,0,24,0,0,1,0,0,None,None,None,None,None,0,0,None,0,69,0,4177727,, 0m3.105s, 500 , 1189.30 , 1671.09
111,1,2,0:0:0,0x113:0x113,hex,10,1,24,1,1,1,0,3,2,1,auto,1,0,2,40,30,0,69,1,3171277,, 0m12.256s, 500 , 338.21 , 1268.51
112,1,3,1:0:0,0x3:0x113,hex,7,1,16,1,1,1,-2,3,2,1,auto,1,0,2,40,50,1,69,1,3147238,, 0m9.657s, 500 , 336.77 , 1258.90
113,1,3,1:0:0,0x3:0x113,umh,7,1,16,1,1,1,-2,3,2,1,auto,1,0,2,40,40,1,69,1,3152053,, 0m11.044s, 500 , 321.32 , 1260.82
114,1,3,1:0:0,0x3:0x113,hex,7,1,16,0,1,1,-2,3,2,1,spatial,1,0,2,40,40,1,69,1,3120101,, 0m8.554s, 500 , 367.01 , 1248.04
115,1,7,1:0:0,0x3:0x113,hex,7,1,16,1,1,1,-2,3,2,1,auto,1,0,2,40,40,1,69,0,3570428,, 0m11.521s, 500 , 326.03 , 1428.17
116,1,3,1:0:0,0x3:0x113,hex,10,1,16,1,1,1,0,3,2,1,auto,1,0,1,40,40,1,69,1,2969960,, 0m11.858s, 500 , 325.19 , 1187.98
117,1,3,1:0:0,0x3:0x3,hex,7,1,16,1,1,1,-2,3,2,1,auto,1,0,2,40,40,1,69,1,3148214,, 0m9.592s, 500 , 334.02 , 1259.29
118,0,3,1:0:0,0x3:0x3,hex,7,1,16,1,1,1,-2,3,2,1,auto,1,0,2,40,40,1,69,1,3866547,, 0m9.899s, 500 , 334.45 , 1546.62
119,1,3,1:0:0,0x3:0x3,hex,7,1,16,1,0,1,0,16,2,1,auto,1,0,2,40,40,1,69,1,2992424,, 0m8.758s, 500 , 309.69 , 1196.97
120,1,3,1:0:0,0x3:0x3,hex,7,1,16,1,0,1,0,16,2,1,auto,1,0,2,40,30,1,69,1,2989502,, 0m9.232s, 500 , 316.21 , 1195.80
13,0,1,1:0:0,0:0,dia,0,0,16,0,0,1,0,0,None,None,None,None,None,0,0,None,0,69,0,5492735,, 0m1.996s, 500 , 1821.23 , 2197.09
121,1,3,1:0:0,0x3:0x3,hex,7,1,16,1,0,1,0,16,2,1,spatial,1,0,2,40,40,1,69,0,3408803,, 0m8.951s, 500 , 310.78 , 1363.52
122,1,3,1:0:0,0x3:0x3,hex,7,1,16,1,0,1,0,16,2,1,auto,1,0,1,40,40,1,69,1,3002110,, 0m8.955s, 500 , 307.27 , 1200.84
123,1,3,1:0:0,0x3:0x113,hex,11,1,16,0,0,1,0,16,2,1,auto,1,0,2,40,40,1,69,1,2980070,, 0m11.185s, 500 , 296.75 , 1192.03
124,1,3,1:0:0,0x3:0x3,hex,7,1,16,1,0,1,0,16,2,1,auto,1,0,2,0,50,0,69,0,3281637,, 0m9.217s, 500 , 403.96 , 1312.65
125,1,3,1:0:0,0x3:0x3,hex,7,1,16,1,0,1,0,16,2,1,auto,1,0,2,40,30,0,69,0,3294920,, 0m9.005s, 500 , 389.06 , 1317.97
126,1,3,0:0:0,0x3:0x3,hex,7,1,16,1,0,0,-2,16,2,1,auto,1,0,2,0,50,0,69,0,3433025,, 0m9.204s, 500 , 366.82 , 1373.21
127,1,5,1:0:0,0x3:0x113,dia,4,1,16,1,1,1,-2,3,2,1,auto,1,0,2,40,40,1,69,1,3080087,, 0m7.631s, 500 , 468.51 , 1232.03
128,1,5,0:0:0,0x3:0x113,dia,4,1,16,1,1,1,-2,3,2,1,spatial,1,0,2,40,40,1,69,1,3108163,, 0m7.933s, 500 , 460.76 , 1243.27
129,0,5,0:0:0,0x3:0x3,dia,4,1,24,1,0,1,-2,3,2,1,spatial,1,0,2,40,40,1,69,1,3812594,, 0m8.245s, 500 , 449.30 , 1525.04
130,1,5,0:0:0,0x3:0x113,dia,4,1,16,0,1,1,-2,3,2,1,spatial,1,0,2,40,20,0,69,1,3278665,, 0m6.954s, 500 , 601.77 , 1311.47
14,0,1,0:0:0,0:0,dia,0,1,16,0,0,1,0,0,None,None,None,None,None,0,0,None,0,69,0,5497340,, 0m1.852s, 500 , 1849.29 , 2198.94
131,1,5,0:0:0,0x3:0x3,dia,4,0,16,1,1,0,-2,3,2,1,spatial,1,0,2,40,20,0,69,1,3323927,, 0m7.863s, 500 , 561.84 , 1329.57
132,1,7,0:0:0,0x3:0x113,dia,4,1,16,1,1,0,-2,3,2,1,spatial,1,0,2,40,20,0,69,1,3338575,, 0m9.057s, 500 , 478.56 , 1335.43
133,1,5,0:0:0,0x3:0x113,dia,4,1,16,1,1,0,-2,3,2,1,auto,1,0,2,40,20,0,69,1,3304036,, 0m7.708s, 500 , 561.83 , 1321.61
134,1,3,1:0:0,0x3:0x113,hex,7,1,16,1,1,1,-2,3,2,1,auto,1,0,2,40,None,1,69,1,3148214,, 0m9.905s, 500 , 340.98 , 1259.29
135,1,3,1:0:0,0x3:0x113,hex,11,1,16,1,1,1,-2,0,None,None,None,None,None,0,0,None,0,69,1,3451269,, 0m10.181s, 500 , 299.49 , 1380.51
136,1,5,0:0:0,0x3:0x113,hex,7,1,16,1,1,1,0,0,None,None,None,None,None,0,0,None,1,69,0,3495043,, 0m9.260s, 500 , 326.88 , 1398.02
137,1,3,1:0:0,0x3:0x113,hex,6,1,16,1,1,1,-2,0,None,None,None,None,None,0,0,None,0,69,1,3487608,, 0m8.012s, 500 , 393.29 , 1395.04
138,0,5,0:0:0,0x113:0x113,tesa,10,0,24,2,1,0,-2,3,2,1,spatial,1,0,2,40,50,1,69,1,3366965,, 0m49.498s, 500 , 75.50 , 1346.79
139,1,16,0:0:0,0x113:0x113,tesa,10,1,24,2,0,1,-2,3,2,1,spatial,1,0,2,40,50,1,69,0,3407031,, 1m25.273s, 500 , 51.38 , 1362.81
140,1,16,1:0:0,0x113:0x113,hex,10,1,24,2,1,1,-2,8,2,1,spatial,1,0,2,40,30,1,69,0,3410174,, 0m33.401s, 500 , 113.61 , 1364.07
15,0,1,0:0:0,0:0,dia,0,0,16,0,0,1,0,0,None,None,auto,None,None,0,0,None,0,69,0,5497340,, 0m2.008s, 500 , 1751.70 , 2198.94
141,1,16,0:0:0,0x113:0x113,hex,10,1,24,1,1,0,-2,3,2,1,spatial,1,0,2,None,50,1,69,0,3533087,, 0m20.786s, 500 , 195.34 , 1413.23
142,1,16,0:0:0,0x113:0x113,hex,11,0,24,2,0,1,-2,0,None,None,None,None,None,0,0,None,0,69,1,3308694,, 0m44.554s, 500 , 67.34 , 1323.48
143,1,16,0:0:0,0x113:0x113,hex,10,1,24,2,1,1,-2,0,None,None,None,None,None,0,0,None,1,69,0,3412662,, 0m32.158s, 500 , 87.22 , 1365.06
144,0,8,0:0:0,0x113:0x113,umh,10,1,24,2,0,1,-2,0,None,None,None,None,None,0,0,None,0,69,1,3775068,, 0m42.791s, 500 , 67.58 , 1510.03
145,0,5,1:0:0,0x3:0x113,hex,8,1,16,2,1,1,0,3,2,1,spatial,1,0,2,40,50,1,69,1,3631996,, 0m16.539s, 500 , 197.57 , 1452.80
146,1,5,1:0:0,0x113:0x113,hex,8,1,16,2,1,1,0,3,2,1,spatial,1,0,2,40,50,1,69,1,2969687,, 0m13.543s, 500 , 263.90 , 1187.87
147,0,1,0:0:0,0x3:0x113,hex,8,1,16,1,1,1,0,3,2,1,spatial,1,0,2,40,50,1,69,0,4232813,, 0m9.062s, 500 , 328.87 , 1693.13
148,0,3,0:0:0,0:0,hex,8,1,16,2,1,1,0,3,2,1,spatial,1,0,2,40,20,0,69,0,4075426,, 0m16.763s, 500 , 198.55 , 1630.17
149,0,3,1:0:0,0x3:0x113,hex,8,1,16,2,1,0,0,3,2,1,spatial,1,0,2,40,40,0,69,0,4083136,, 0m16.868s, 500 , 205.95 , 1633.25
150,1,3,1:0:0,0x3:0x113,hex,8,1,16,1,1,0,0,3,2,1,spatial,1,0,2,40,60,0,69,1,3215934,, 0m10.951s, 500 , 372.27 , 1286.37
16,0,1,0:0:0,0:0,dia,0,0,16,0,0,1,0,0,None,None,spatial,None,None,0,0,None,0,69,0,5497340,, 0m2.030s, 500 , 1722.48 , 2198.94
151,0,3,1:0:0,0x3:0x113,umh,8,1,16,2,1,0,0,3,2,1,spatial,1,0,2,40,60,0,69,1,3893071,, 0m18.365s, 500 , 199.70 , 1557.23
152,1,3,1:0:0,0x3:0x113,hex,8,1,16,2,1,0,0,3,2,1,spatial,1,0,2,40,60,0,69,1,3183231,, 0m13.373s, 500 , 291.79 , 1273.29
153,1,3,1:0:0,0x3:0x113,hex,8,1,16,2,1,0,0,3,2,1,auto,1,0,2,40,60,0,69,1,3184264,, 0m13.477s, 500 , 292.32 , 1273.71
154,1,3,0:0:0,0x3:0x113,hex,8,1,16,2,1,0,0,3,2,1,spatial,1,0,2,40,10,0,69,1,3179372,, 0m13.834s, 500 , 269.67 , 1271.75
155,1,3,1:0:0,0x3:0x113,hex,8,1,16,0,1,0,0,3,2,1,spatial,1,0,2,40,60,0,69,1,3178438,, 0m9.916s, 500 , 407.41 , 1271.38
156,1,3,1:0:0,0x3:0x113,hex,8,1,16,2,1,0,0,3,2,1,spatial,1,0,2,40,10,0,69,0,3289156,, 0m13.815s, 500 , 265.60 , 1315.66
157,1,8,1:0:0,0x3:0x113,umh,10,1,16,2,1,1,-2,3,2,2,spatial,None,0,2,40,60,1,69,1,2961442,, 0m32.549s, 500 , 114.17 , 1184.58
158,1,8,1:0:0,0x3:0x3,umh,9,1,16,2,1,1,-2,3,2,2,spatial,1,0,2,40,60,1,69,1,3092176,, 0m23.105s, 500 , 167.37 , 1236.87
159,1,16,1:0:0,0x3:0x3,umh,9,0,16,2,1,1,-2,3,2,2,spatial,1,0,2,40,60,1,69,1,3095569,, 0m32.617s, 500 , 126.23 , 1238.23
160,1,16,1:0:0,0x113:0x113,umh,6,1,16,2,1,1,-2,3,2,2,spatial,1,0,2,40,30,1,69,1,3254087,, 0m23.697s, 500 , 164.28 , 1301.63
17,0,1,0:0:0,0:0,hex,0,0,16,0,0,1,0,0,None,None,None,None,None,0,0,None,0,69,0,5493442,, 0m2.040s, 500 , 1648.72 , 2197.38
161,1,3,1:0:0,0x113:0x113,umh,6,1,16,0,1,0,-2,3,2,2,auto,1,0,2,40,60,1,69,1,3180366,, 0m9.905s, 500 , 194.35 , 1272.15
162,1,16,1:0:0,0x113:0x113,umh,6,1,16,2,1,1,-2,3,2,2,spatial,1,0,2,40,None,0,69,1,3449430,, 0m23.813s, 500 , 176.84 , 1379.77
163,1,16,1:0:0,0x113:0x113,umh,6,1,16,2,1,1,-2,0,None,None,None,None,None,0,0,60,0,69,0,3523769,, 0m25.908s, 500 , 120.61 , 1409.51
164,0,5,1:0:0,0x113:0x113,umh,6,1,16,2,0,1,-2,0,None,None,None,None,None,0,0,20,1,69,0,4600292,, 0m12.726s, 500 , 226.12 , 1840.12
165,0,16,1:0:0,0x113:0x113,hex,6,1,24,0,1,1,0,3,2,2,auto,1,0,2,40,10,0,69,0,4007315,, 0m14.289s, 500 , 249.67 , 1602.93
166,0,16,0:0:0,0x113:0x113,hex,6,1,24,1,1,1,0,0,None,None,None,None,None,0,0,50,0,69,0,4282395,, 0m17.205s, 500 , 177.46 , 1712.96
167,1,8,1:0:0,0x113:0x113,dia,7,1,24,1,1,1,0,0,None,None,None,None,None,0,0,50,0,69,0,3426454,, 0m11.021s, 500 , 271.97 , 1370.58
168,1,8,1:0:0,0x3:0x113,umh,9,0,16,0,1,1,-2,3,2,1,spatial,1,0,2,40,30,1,69,1,3074223,, 0m17.717s, 500 , 240.97 , 1229.69
169,1,8,0:0:0,0x3:0x113,umh,9,0,16,0,1,1,-2,3,2,2,spatial,1,0,2,40,30,1,69,1,3086673,, 0m18.767s, 500 , 199.32 , 1234.67
170,1,8,1:0:0,0x3:0x113,umh,9,1,16,2,1,1,0,3,2,2,spatial,1,0,2,40,60,1,69,1,2945809,, 0m23.269s, 500 , 163.58 , 1178.32
18,0,1,0:0:0,0:0,dia,0,0,16,0,0,1,0,3,2,1,None,1,0,0,0,None,0,69,0,4771146,, 0m2.480s, 500 , 1145.92 , 1908.46
171,1,8,1:0:0,0x3:0x113,umh,9,1,16,2,1,1,-2,3,2,2,spatial,1,0,2,40,50,1,69,1,3092159,, 0m23.440s, 500 , 163.98 , 1236.86
172,1,8,1:0:0,0x3:0x113,umh,9,1,16,2,1,1,-2,3,2,2,spatial,1,0,2,40,50,1,69,0,3520411,, 0m23.524s, 500 , 163.88 , 1408.16
173,1,2,1:0:0,0x3:0x113,umh,1,1,16,2,1,1,-2,3,2,2,spatial,1,0,2,40,50,1,69,1,3395335,, 0m7.042s, 500 , 417.78 , 1358.13
174,1,3,1:0:0,0x3:0x113,umh,6,1,16,2,1,1,-2,3,2,2,spatial,1,0,2,40,50,0,69,1,3407422,, 0m11.178s, 500 , 257.72 , 1362.97
175,1,2,1:0:0,0x113:0x113,umh,1,1,16,2,1,1,-2,3,2,2,spatial,1,0,2,40,50,1,69,1,3395335,, 0m7.029s, 500 , 462.59 , 1358.13
176,1,2,1:0:0,0x3:0x113,umh,9,0,24,2,1,1,-2,16,2,2,spatial,1,0,2,40,50,1,69,1,3099317,, 0m30.270s, 500 , 58.51 , 1239.73
177,1,2,1:0:0,0x3:0x113,umh,1,0,24,2,1,0,-2,16,2,2,auto,1,0,2,40,20,1,69,1,3425256,, 0m14.184s, 500 , 100.21 , 1370.10
178,1,8,1:0:0,0x3:0x113,umh,10,0,24,2,1,0,-2,16,2,2,auto,1,0,2,40,20,1,69,1,2968082,, 0m47.166s, 500 , 58.06 , 1187.23
179,1,8,1:0:0,0x3:0x113,umh,9,1,16,2,1,1,-2,3,2,2,spatial,1,0,2,0,60,1,69,0,3515499,, 0m24.274s, 500 , 156.30 , 1406.20
180,1,8,1:0:0,0x3:0x113,hex,9,1,16,2,1,1,-2,3,2,2,spatial,1,0,2,40,60,1,69,1,3089337,, 0m20.019s, 500 , 174.53 , 1235.73
19,1,1,0:0:0,0:0,dia,0,0,16,0,0,1,0,0,None,None,None,None,None,0,0,None,0,69,0,4700236,, 0m2.213s, 500 , 1481.69 , 1880.09
181,1,8,0:0:0,0x3:0x113,umh,9,1,16,2,1,1,-2,3,2,2,spatial,1,0,2,40,10,1,69,1,3056566,, 0m23.069s, 500 , 182.84 , 1222.63
182,1,8,0:0:0,0x3:0x113,umh,9,1,16,2,1,1,-2,3,2,2,spatial,1,0,2,40,40,1,69,1,3091448,, 0m23.292s, 500 , 168.97 , 1236.58
183,1,16,1:0:0,0x3:0x113,umh,10,1,24,2,1,1,0,8,2,2,spatial,1,0,2,40,60,1,69,1,2816192,, 0m48.172s, 500 , 74.83 , 1126.48
184,1,16,1:0:0,0x3:0x113,umh,10,1,24,2,1,1,-2,8,2,2,spatial,1,0,0,40,60,1,69,0,3436900,, 0m48.617s, 500 , 78.07 , 1374.76
185,1,16,0:0:0,0x3:0x113,umh,10,1,24,2,1,1,-2,8,2,2,spatial,1,0,2,40,60,1,69,1,2970473,, 0m49.349s, 500 , 74.50 , 1188.19
186,1,8,1:0:0,0x3:0x113,umh,10,1,24,2,1,1,-2,8,2,2,spatial,1,0,2,40,50,1,69,1,2961263,, 0m37.314s, 500 , 80.07 , 1184.51
187,0,16,1:0:0,0x3:0x113,umh,10,1,24,2,1,1,-2,8,2,2,spatial,1,0,2,40,60,1,69,1,3370604,, 1m0.344s, 500 , 65.11 , 1348.24
188,1,16,1:0:0,0x3:0x113,umh,10,1,24,2,1,1,-2,8,2,2,auto,1,0,2,40,60,1,69,1,2966141,, 0m49.004s, 500 , 74.13 , 1186.46
189,1,16,0:0:0,0x3:0x113,hex,11,1,24,2,1,1,-2,8,2,2,spatial,1,0,2,40,60,1,69,1,2998205,, 0m50.231s, 500 , 72.83 , 1199.28
190,0,16,0:0:0,0x3:0x113,hex,11,1,24,2,1,1,-2,8,2,2,spatial,1,0,2,40,60,1,69,0,3902304,, 1m5.705s, 500 , 57.85 , 1560.92
20,0,1,0:0:0,0:0,dia,0,0,16,0,0,1,0,0,None,None,None,None,None,0,0,10,0,69,0,5497340,, 0m1.948s, 500 , 1783.05 , 2198.94
191,1,16,1:0:0,0x3:0x133,tesa,11,0,24,2,1,0,-2,16,2,2,spatial,1,0,2,40,60,1,69,1,2982510,, 1m58.277s, 500 , 39.60 , 1193.00
192,1,16,1:0:0,0x3:0x133,tesa,11,1,24,2,1,0,-2,16,2,2,auto,1,0,2,40,60,1,69,1,2982365,, 1m58.202s, 500 , 39.59 , 1192.95
193,1,16,1:0:0,0x3:0x133,tesa,11,1,24,2,1,0,-2,16,2,2,spatial,1,0,2,40,30,1,69,1,2982510,, 1m58.313s, 500 , 39.34 , 1193.00
194,0,16,1:0:0,0x3:0x133,tesa,11,1,24,2,1,0,-2,16,2,2,spatial,1,0,2,40,60,1,69,1,3396285,, 2m12.581s, 500 , 34.45 , 1358.51
195,1,16,1:0:0,0x3:0x133,tesa,11,1,24,2,1,0,-2,16,2,2,spatial,1,0,2,40,60,0,69,1,3164911,, 1m57.918s, 500 , 38.25 , 1265.96
196,1,16,0:0:0,0x3:0x133,tesa,11,1,24,2,1,0,-2,16,2,2,spatial,1,0,2,40,60,1,69,1,2989132,, 1m57.702s, 500 , 39.55 , 1195.65
197,1,16,1:0:0,0x3:0x133,tesa,7,1,24,2,1,0,-2,16,2,2,spatial,1,0,2,40,60,1,69,1,3157250,, 1m31.819s, 500 , 45.44 , 1262.90
198,1,16,1:0:0,0x3:0x133,hex,11,1,24,2,1,0,-2,16,2,2,spatial,1,0,2,40,60,1,69,1,2996870,, 1m2.718s, 500 , 51.36 , 1198.75
199,1,16,1:0:0,0x3:0x3,tesa,11,1,24,2,1,0,-2,16,2,2,spatial,1,0,2,40,60,1,69,1,2982510,, 1m58.629s, 500 , 39.78 , 1193.00
200,1,16,1:0:0,0:0,tesa,11,1,24,2,1,0,-2,16,2,2,spatial,1,0,2,40,60,1,69,1,2982510,, 1m59.192s, 500 , 38.92 , 1193.00
3,1,1,1:0:0,0x3:0x113,hex,2,0,16,0,1,1,0,3,2,1,auto,1,0,1,40,10,1,69,1,2883315,, 0m4.619s, 500 , 629.62 , 1153.33
21,0,1,0:0:0,0:0,dia,0,0,16,0,0,1,0,0,None,None,None,None,None,0,0,None,1,69,0,5141490,, 0m2.359s, 500 , 1140.70 , 2056.60
201,1,16,1:0:0,0:0,tesa,11,1,16,2,1,0,-2,16,2,2,spatial,1,0,2,40,60,1,69,0,3441093,, 1m36.702s, 500 , 42.93 , 1376.44
22,0,1,0:0:0,0:0,dia,0,0,16,0,0,1,0,0,None,None,None,None,None,0,0,None,0,69,1,5110921,, 0m2.005s, 500 , 1747.66 , 2044.37
23,0,1,0:0:0,0:0,dia,1,0,16,0,0,1,0,0,None,None,None,None,None,0,0,None,0,69,0,4834418,, 0m2.597s, 500 , 1335.79 , 1933.77
24,0,1,0:0:0,0x3:0x133,dia,0,0,16,0,0,1,0,0,None,None,None,None,None,0,0,None,0,69,0,5497340,, 0m2.031s, 500 , 1688.21 , 2198.94
25,0,1,0:0:0,0x3:0x3,dia,0,0,16,0,0,1,0,0,None,None,None,None,None,0,0,None,0,69,0,5497340,, 0m1.973s, 500 , 1753.08 , 2198.94
26,0,1,0:0:0,0:0,dia,11,0,16,0,0,1,0,0,None,None,None,None,None,0,0,None,0,69,0,4237508,, 0m6.330s, 500 , 487.89 , 1695.00
27,0,1,0:0:0,0:0,dia,11,0,16,0,0,1,0,16,2,1,None,1,None,0,0,None,0,69,0,3958522,, 0m8.201s, 500 , 431.58 , 1583.41
28,0,1,0:0:0,0:0,dia,0,0,16,2,0,1,0,0,None,None,None,None,None,0,0,None,0,69,0,5627553,, 0m4.324s, 500 , 716.13 , 2251.02
29,0,1,0:0:0,0:0,dia,0,0,16,0,0,1,0,0,None,None,None,None,None,2,0,None,0,69,0,5552461,, 0m2.054s, 500 , 1735.41 , 2220.98
30,1,1,0:0:0,0:0,dia,0,1,16,0,0,1,0,0,None,None,None,None,None,0,0,None,0,69,0,4700236,, 0m2.255s, 500 , 1459.95 , 1880.09
4,1,2,1:0:0,0x3:0x113,hex,4,0,16,0,1,1,0,3,2,1,auto,1,0,1,40,20,1,69,1,2897512,, 0m5.900s, 500 , 527.71 , 1159.00
31,0,1,0:0:0,0:0,dia,0,1,16,0,0,1,-2,0,None,None,None,None,None,0,0,None,0,69,0,5769649,, 0m1.983s, 500 , 1737.69 , 2307.86
32,0,1,0:0:0,0:0,dia,0,0,16,0,0,0,0,0,None,None,None,None,None,0,0,None,0,69,0,5522208,, 0m1.974s, 500 , 1804.62 , 2208.88
33,0,1,1:0:0,0x3:0x3,dia,1,0,16,0,1,1,0,3,2,1,auto,1,0,1,40,None,0,69,1,4238729,, 0m3.244s, 500 , 1101.89 , 1695.49
34,1,1,1:0:0,0x3:0x3,dia,1,0,24,0,1,1,0,3,2,1,auto,1,0,1,40,None,0,69,1,3595262,, 0m3.540s, 500 , 969.12 , 1438.10
35,1,1,1:0:0,0x3:0x3,dia,1,0,16,0,1,0,0,3,2,1,auto,1,0,1,40,None,0,69,1,3597288,, 0m3.533s, 500 , 1042.55 , 1438.92
36,1,1,1:0:0,0x3:0x3,dia,1,0,16,0,1,1,0,3,2,1,spatial,1,0,1,40,None,0,69,1,3595015,, 0m3.419s, 500 , 1029.23 , 1438.01
37,1,1,1:0:0,0x3:0x3,dia,2,0,16,0,1,1,0,3,2,1,auto,1,0,1,40,None,0,69,1,3157264,, 0m4.475s, 500 , 742.01 , 1262.91
38,1,1,1:0:0,0x3:0x3,dia,2,0,16,0,1,1,0,3,2,1,auto,1,0,2,40,None,0,69,1,3157264,, 0m4.519s, 500 , 747.03 , 1262.91
39,1,1,1:0:0,0x3:0x133,dia,2,0,16,0,1,1,0,3,2,1,auto,1,0,1,40,None,0,69,1,3157264,, 0m4.577s, 500 , 696.21 , 1262.91
40,1,1,1:0:0,0x3:0x3,dia,1,0,16,0,1,1,0,3,2,1,auto,1,0,1,40,10,0,69,1,3595262,, 0m3.515s, 500 , 1044.98 , 1438.10
5,1,2,1:0:0,0x3:0x113,hex,6,1,16,1,1,1,-2,3,2,1,auto,1,0,1,40,30,1,69,1,3193800,, 0m7.405s, 500 , 380.08 , 1277.52
41,1,1,1:0:0,0x3:0x3,dia,1,0,16,0,1,1,0,3,2,1,auto,1,0,1,40,None,0,69,0,3832209,, 0m3.514s, 500 , 987.18 , 1532.88
42,1,5,1:0:0,0x3:0x3,dia,1,0,16,0,1,1,0,3,2,1,auto,1,0,1,40,None,0,69,1,3629007,, 0m4.284s, 500 , 902.81 , 1451.60
43,1,1,1:0:0,0x3:0x3,dia,1,0,16,0,1,1,0,3,2,1,auto,1,0,1,40,None,1,69,1,3099066,, 0m3.546s, 500 , 660.55 , 1239.63
44,0,1,1:0:0,0x3:0x3,dia,1,0,16,0,1,1,0,3,2,1,auto,1,0,1,40,None,1,69,1,3668558,, 0m3.236s, 500 , 718.58 , 1467.42
45,0,1,1:0:0,0x3:0x3,hex,1,0,16,0,1,1,0,3,2,1,auto,1,0,1,40,None,1,69,1,3671974,, 0m3.316s, 500 , 695.88 , 1468.79
46,0,1,1:0:0,0x3:0x3,hex,1,0,16,1,1,1,0,3,2,1,auto,1,0,1,40,None,1,69,1,3845890,, 0m4.949s, 500 , 599.35 , 1538.36
47,0,1,1:0:0,0x3:0x3,umh,1,0,16,0,1,1,0,3,2,1,auto,1,0,1,40,None,1,69,1,3686036,, 0m3.954s, 500 , 680.29 , 1474.41
48,0,1,1:0:0,0x3:0x3,tesa,1,0,16,0,1,1,0,3,2,1,auto,1,0,1,40,None,1,69,1,3688288,, 0m4.816s, 500 , 693.20 , 1475.32
49,0,1,0:0:0,0x3:0x3,dia,1,0,16,0,1,1,0,16,2,1,auto,1,0,1,40,None,1,69,1,3677526,, 0m3.377s, 500 , 540.14 , 1471.01
50,1,1,1:0:0,0x3:0x3,dia,1,1,16,0,1,1,0,3,2,1,auto,1,0,1,40,None,0,69,0,3832209,, 0m3.464s, 500 , 1036.42 , 1532.88
6,1,3,1:0:0,0x3:0x113,hex,7,1,16,1,1,1,-2,3,2,1,auto,1,0,2,40,40,1,69,1,3148214,, 0m9.476s, 500 , 342.65 , 1259.29
51,1,1,1:0:0,0x3:0x3,dia,1,1,16,0,1,0,0,3,2,1,auto,1,0,1,40,None,0,69,0,3835279,, 0m3.415s, 500 , 996.11 , 1534.11
52,0,1,0:0:0,0x3:0x3,dia,1,1,16,0,1,0,0,3,2,1,auto,1,0,1,0,None,0,69,0,4487590,, 0m3.437s, 500 , 728.34 , 1795.04
53,0,1,1:0:0,0x3:0x3,dia,1,1,16,0,1,0,0,3,2,1,auto,1,0,1,40,None,0,69,0,4493194,, 0m3.133s, 500 , 1060.19 , 1797.28
54,1,1,1:0:0,0x3:0x3,tesa,1,1,16,0,1,0,0,3,2,1,auto,1,0,1,40,None,0,69,0,3849659,, 0m5.314s, 500 , 744.93 , 1539.86
55,1,1,1:0:0,0x3:0x3,dia,1,1,16,0,1,0,0,3,2,2,spatial,1,0,2,40,None,0,69,0,3790636,, 0m4.183s, 500 , 663.77 , 1516.25
56,1,16,1:0:0,0x3:0x133,dia,1,1,16,0,1,0,0,3,2,2,spatial,1,0,2,40,None,0,69,0,3875667,, 0m8.133s, 500 , 495.14 , 1550.27
57,1,16,1:0:0,0x3:0x133,dia,1,1,16,0,1,0,0,3,2,2,spatial,1,0,2,40,60,0,69,0,3875667,, 0m7.946s, 500 , 511.98 , 1550.27
58,0,1,1:0:0,0x3:0x113,hex,2,0,16,0,1,1,0,3,2,1,auto,1,0,1,40,10,1,69,1,3409613,, 0m4.480s, 500 , 567.40 , 1363.85
59,0,1,1:0:0,0x3:0x113,hex,2,0,16,0,1,1,0,3,2,1,spatial,1,0,1,40,10,1,69,1,3408562,, 0m4.206s, 500 , 574.98 , 1363.42
60,0,1,1:0:0,0x3:0x113,hex,2,0,16,0,1,1,0,3,2,1,auto,1,0,1,40,10,0,69,1,3734272,, 0m4.439s, 500 , 629.73 , 1493.71
7,1,5,1:0:0,0x3:0x113,hex,8,1,16,2,1,1,-2,3,2,1,spatial,1,0,2,40,50,1,69,1,3113652,, 0m13.448s, 500 , 264.97 , 1245.46
61,0,1,1:0:0,0x3:0x3,hex,2,0,16,0,1,1,0,3,2,1,auto,1,0,1,40,10,1,69,1,3409613,, 0m4.251s, 500 , 620.90 , 1363.85
62,0,1,1:0:0,0:0,hex,2,0,16,0,1,1,0,3,2,1,auto,1,0,1,40,10,1,69,1,3409613,, 0m4.718s, 500 , 498.03 , 1363.85
63,1,1,1:0:0,0x3:0x113,hex,2,1,16,0,1,1,0,3,2,1,auto,1,0,1,40,10,1,69,1,2883315,, 0m4.824s, 500 , 531.98 , 1153.33
64,1,1,1:0:0,0x3:0x113,hex,2,0,16,0,0,1,0,3,2,1,auto,1,0,1,40,10,0,69,1,3192879,, 0m4.652s, 500 , 630.22 , 1277.15
65,1,1,1:0:0,0x3:0x113,hex,2,0,16,0,0,1,0,3,2,1,spatial,1,0,1,40,40,0,69,1,3192417,, 0m4.385s, 500 , 724.16 , 1276.97
66,1,1,1:0:0,0x3:0x113,hex,1,0,16,0,0,1,0,3,2,1,spatial,1,0,1,40,40,0,69,1,3635437,, 0m3.366s, 500 , 1021.76 , 1454.17
67,1,1,1:0:0,0x3:0x113,hex,2,0,16,0,0,1,0,3,2,1,auto,1,0,1,40,40,0,69,1,3192879,, 0m4.719s, 500 , 596.82 , 1277.15
68,1,1,1:0:0,0x3:0x113,hex,2,0,16,0,1,1,0,3,2,1,auto,1,0,1,40,20,1,69,0,3408662,, 0m4.816s, 500 , 541.74 , 1363.46
69,1,1,0:0:0,0x113:0x113,tesa,2,0,16,0,1,1,0,3,2,1,auto,1,0,1,40,10,1,69,1,2864870,, 0m6.964s, 500 , 492.72 , 1145.95
70,1,1,0:0:0,0x113:0x113,tesa,2,0,16,2,1,1,0,3,2,1,auto,1,0,1,40,10,1,69,1,2903990,, 0m8.108s, 500 , 479.69 , 1161.60
8,1,8,1:0:0,0x3:0x113,umh,9,1,16,2,1,1,-2,3,2,2,spatial,1,0,2,40,60,1,69,1,3092176,, 0m23.595s, 500 , 160.84 , 1236.87
71,1,5,1:0:0,0x3:0x113,dia,2,0,16,0,1,1,0,3,2,1,auto,1,0,1,40,10,1,69,1,2894013,, 0m5.730s, 500 , 526.04 , 1157.61
72,1,5,1:0:0,0x3:0x113,dia,2,0,16,0,1,1,0,8,2,1,auto,1,0,1,40,10,1,69,1,2896279,, 0m5.733s, 500 , 534.93 , 1158.51
73,1,5,1:0:0,0x3:0x113,dia,8,0,16,0,1,1,0,8,2,1,auto,1,0,1,40,10,1,69,1,2922089,, 0m9.971s, 500 , 382.38 , 1168.84
74,1,5,1:0:0,0x3:0x113,dia,8,1,16,0,1,1,0,8,2,1,auto,1,0,2,40,10,0,69,1,3155145,, 0m10.712s, 500 , 371.59 , 1262.06
75,1,2,1:0:0,0x3:0x113,hex,4,0,16,0,1,1,0,3,2,1,auto,1,0,1,0,20,1,69,1,2891749,, 0m5.915s, 500 , 514.85 , 1156.70
76,1,2,1:0:0,0x113:0x113,hex,4,0,16,0,1,1,0,3,2,1,auto,1,0,1,0,20,1,69,1,2891749,, 0m5.786s, 500 , 575.81 , 1156.70
77,0,2,1:0:0,0x3:0x113,hex,4,0,16,0,1,1,-2,3,2,1,auto,1,0,1,0,20,1,69,1,3641147,, 0m5.598s, 500 , 534.55 , 1456.46
78,1,2,1:0:0,0x3:0x113,hex,4,0,16,0,1,1,0,3,2,1,spatial,1,0,1,40,20,1,69,0,3363086,, 0m6.025s, 500 , 501.05 , 1345.23
79,1,2,1:0:0,0x3:0x113,hex,4,0,16,0,1,1,0,0,None,None,None,None,None,0,0,None,0,69,1,3274649,, 0m4.487s, 500 , 771.49 , 1309.86
80,1,2,1:0:0,0x3:0x113,hex,4,0,16,0,1,1,0,8,1,1,auto,1,0,1,40,20,1,69,1,2898870,, 0m6.002s, 500 , 490.83 , 1159.55
9,1,16,1:0:0,0x3:0x113,umh,10,1,24,2,1,1,-2,8,2,2,spatial,1,0,2,40,60,1,69,1,2966880,, 0m48.612s, 500 , 74.32 , 1186.75
81,0,2,1:0:0,0x3:0x113,hex,4,0,16,0,1,1,0,8,1,1,auto,1,0,1,40,10,1,69,1,3395234,, 0m5.842s, 500 , 455.64 , 1358.09
82,0,1,1:0:0,0x3:0x113,hex,4,0,16,1,1,1,0,8,1,1,spatial,1,0,1,40,10,1,69,1,3535908,, 0m6.892s, 500 , 505.86 , 1414.36
83,0,2,1:0:0,0x3:0x113,hex,4,0,24,0,1,1,0,8,1,1,auto,1,0,1,40,10,1,69,1,3395234,, 0m5.827s, 500 , 476.91 , 1358.09
84,0,2,1:0:0,0x3:0x113,hex,4,0,24,1,1,1,0,8,1,1,auto,1,0,2,40,10,1,69,1,3505775,, 0m7.156s, 500 , 539.15 , 1402.31
85,0,2,1:0:0,0:0,hex,4,0,24,0,1,1,0,8,1,1,auto,1,0,1,40,10,1,69,1,3395234,, 0m5.733s, 500 , 505.77 , 1358.09
86,0,2,0:0:0,0:0,hex,4,0,24,0,1,1,0,8,1,1,auto,1,0,1,40,10,1,69,1,3395354,, 0m5.721s, 500 , 517.68 , 1358.14
87,0,2,1:0:0,0:0,hex,4,1,24,0,1,1,-2,8,1,1,spatial,None,0,1,40,10,1,69,1,3619673,, 0m6.066s, 500 , 487.56 , 1447.87
88,1,2,1:0:0,0x3:0x113,hex,4,0,16,0,1,1,0,0,None,None,None,None,None,0,0,None,0,69,0,3378929,, 0m4.336s, 500 , 799.33 , 1351.57
89,1,2,1:0:0,0x3:0x113,umh,7,1,16,0,1,1,0,0,None,None,None,None,None,0,0,None,0,69,1,3366923,, 0m6.843s, 500 , 480.03 , 1346.77
90,0,2,1:0:0,0x3:0x113,hex,4,0,16,0,1,0,-2,0,None,None,None,None,None,0,0,None,0,69,1,4160804,, 0m4.292s, 500 , 857.91 , 1664.32
10,1,16,1:0:0,0x3:0x133,tesa,11,1,24,2,1,0,-2,16,2,2,spatial,1,0,2,40,60,1,69,1,2982510,, 1m59.061s, 500 , 38.79 , 1193.00
91,1,8,1:0:0,0x3:0x113,hex,4,0,16,0,1,1,0,0,None,None,None,None,None,0,0,None,0,69,1,3310191,, 0m7.548s, 500 , 440.45 , 1324.08
92,0,8,0:0:0,0x3:0x113,hex,4,0,16,0,1,1,0,0,None,None,None,None,None,0,0,None,0,69,0,4089385,, 0m7.229s, 500 , 442.50 , 1635.75
93,1,2,1:0:0,0x3:0x3,hex,4,0,16,1,1,1,0,3,2,1,auto,1,0,1,40,20,1,69,1,2933118,, 0m6.773s, 500 , 452.84 , 1173.25
94,1,2,0:0:0,0x3:0x113,hex,4,0,16,0,1,1,0,3,2,1,spatial,1,0,1,40,20,1,69,0,3360968,, 0m6.047s, 500 , 559.06 , 1344.39
95,0,2,1:0:0,0x3:0x113,hex,11,0,16,0,1,1,0,3,2,1,auto,1,0,1,40,40,0,69,1,3747007,, 0m10.563s, 500 , 390.04 , 1498.80
96,1,2,1:0:0,0x3:0x113,hex,8,0,16,0,1,1,0,3,2,1,auto,1,0,1,40,20,1,69,1,2961087,, 0m8.999s, 500 , 363.59 , 1184.43
97,1,2,1:0:0,0x3:0x113,hex,4,1,16,0,1,1,0,3,2,2,auto,1,0,1,40,20,1,69,1,2903442,, 0m6.934s, 500 , 311.58 , 1161.38
98,1,2,0:0:0,0x3:0x113,hex,4,0,24,0,1,1,0,3,2,1,auto,1,0,1,40,30,1,69,1,2906641,, 0m6.055s, 500 , 480.78 , 1162.66
99,1,5,1:0:0,0x3:0x113,hex,6,1,16,1,1,0,-2,3,None,1,spatial,1,0,1,40,30,1,69,1,3223900,, 0m8.739s, 500 , 358.48 , 1289.56
100,0,3,0:0:0,0x113:0x113,hex,6,1,16,1,1,1,-2,3,2,1,auto,1,0,2,40,30,0,69,1,4203494,, 0m8.484s, 500 , 448.68 , 1681.40
